<?xml version="1.0"?>
<!DOCTYPE hibernate-mapping PUBLIC "-//Hibernate/Hibernate Mapping DTD 3.0//EN"
"http://hibernate.sourceforge.net/hibernate-mapping-3.0.dtd">
<!-- Generated Jul 15, 2006 11:52:28 PM by Hibernate Tools 3.1.0.beta5 -->
<hibernate-mapping>
    <class name="com.aaa.dao.entity.ApplicationType" table="application_type">
        <comment></comment>
        <id name="applicationTypeId" type="int">
            <column name="application_type_id" />
            <generator class="native" />
        </id>
        <property name="applicationTypeDefinition" type="string">
            <column name="application_type_definition" length="128">
                <comment></comment>
            </column>
        </property>
        
    </class>
</hibernate-mapping>
