<?xml version="1.0"?>
<!DOCTYPE hibernate-mapping PUBLIC "-//Hibernate/Hibernate Mapping DTD 3.0//EN"
"http://hibernate.sourceforge.net/hibernate-mapping-3.0.dtd">
<!-- Generated Jun 14, 2006 1:11:04 AM by Hibernate Tools 3.1.0.beta5 -->
<hibernate-mapping>
    <class name="com.aaa.dao.entity.ApplicationDecisionStatement" table="application_decision_statement" lazy="false">
        <comment></comment>
        <id name="decisionStatementId" type="int">
            <column name="decision_statement_id" />
            <generator class="native" />
        </id>

        <!--
        <many-to-one name="client" class="com.aaa.dao.entity.Client" lazy="false" cascade="all">
            <column name="client_id" unique="true">
                <comment></comment>
            </column>
        </many-to-one>
        -->
        <property name="clientId" type="int">
            <column name="client_id">
                <comment></comment>
            </column>
        </property>
        
        <property name="statement" type="string">
            <column name="statement" length="128">
                <comment></comment>
            </column>
        </property>
        <property name="high" type="java.lang.Integer">
            <column name="high">
                <comment></comment>
            </column>
        </property>
        <property name="low" type="java.lang.Integer">
            <column name="low">
                <comment></comment>
            </column>
        </property>
    </class>
</hibernate-mapping>
