<?xml version="1.0"?>
<!DOCTYPE hibernate-mapping PUBLIC "-//Hibernate/Hibernate Mapping DTD 3.0//EN"
"http://hibernate.sourceforge.net/hibernate-mapping-3.0.dtd">
<!-- Generated Jul 30, 2006 4:29:00 PM by Hibernate Tools 3.1.0.beta5 -->
<hibernate-mapping>
    <class name="com.aaa.dao.entity.ApplicationScoreRecord" table="application_score_record" lazy="false">
        <comment></comment>
        
        <id name="applicationScoreRecordId" type="int">
            <column name="application_score_record_id" />
            <generator class="native" />
        </id>
        
        <property name="lastScoreDateTime" type="timestamp">
            <column name="last_score_date_time" length="19" >
                <comment></comment>
            </column>
        </property>
        
        <property name="totalEvictionsUnderThreeYears" type="int">
            <column name="total_evictions_under_three_years">
                <comment></comment>
            </column>
        </property>
        
        <property name="totalEvictionsOverThreeYears" type="int">
            <column name="total_evictions_over_three_years">
                <comment></comment>
            </column>
        </property>
        
        <property name="totalBankruptcyUnderThreeYears" type="int">
            <column name="total_bankruptcy_under_three_years">
                <comment></comment>
            </column>
        </property>
        
        <property name="totalBankruptcyOverThreeYears" type="int">
            <column name="total_bankruptcy_over_three_years">
                <comment></comment>
            </column>
        </property>
        
        <property name="totalFelonyUnderFiveYears" type="int">
            <column name="total_felony_under_five_years">
                <comment></comment>
            </column>
        </property>
        
        <property name="totalFelonyOverFiveYears" type="int">
            <column name="total_felony_over_five_years">
                <comment></comment>
            </column>
        </property>
        
        <property name="totalMisdemeanorUnderFiveYears" type="int">
            <column name="total_misdemeanor_under_five_years">
                <comment></comment>
            </column>
        </property>
        
        <property name="totalMisdemeanorOverFiveYears" type="int">
            <column name="total_misdemeanor_over_five_years">
                <comment></comment>
            </column>
        </property>
        
        <property name="totalPendingWarrant" type="int">
            <column name="total_pending_warrant">
                <comment></comment>
            </column>
        </property>
        
        <property name="totalFelonyOverFiveDeduction" type="int">
            <column name="total_felony_over_five_deduction">
                <comment></comment>
            </column>
        </property>
        
        <property name="totalFelonyUnderFiveDeduction" type="int">
            <column name="total_felony_under_five_deduction">
                <comment></comment>
            </column>
        </property>
        
        <property name="totalMisdemeanorOverFiveDeduction" type="int">
            <column name="total_misdemeanor_over_five_deduction">
                <comment></comment>
            </column>
        </property>
        
        <property name="totalMisdemeanorUnderFiveDeduction" type="int">
            <column name="total_misdemeanor_under_five_deduction">
                <comment></comment>
            </column>
        </property>
        
        <property name="totalEvictionOverThreeDeduction" type="int">
            <column name="total_eviction_over_three_deduction">
                <comment></comment>
            </column>
        </property>
        
        <property name="totalEvictionUnderThreeDeduction" type="int">
            <column name="total_eviction_under_three_deduction">
                <comment></comment>
            </column>
        </property>
        
        <property name="totalBankruptcyOverThreeDeduction" type="int">
            <column name="total_bankruptcy_over_three_deduction">
                <comment></comment>
            </column>
        </property>
        
        <property name="totalBankruptcyUnderThreeDeduction" type="int">
            <column name="total_bankruptcy_under_three_deduction">
                <comment></comment>
            </column>
        </property>
        
        <property name="totalFelonyDeduction" type="int">
            <column name="total_felony_deduction">
                <comment></comment>
            </column>
        </property>
        
        <property name="totalMisdemeanorDeduction" type="int">
            <column name="total_misdemeanor_deduction">
                <comment></comment>
            </column>
        </property>
        
        <property name="totalEvictionDeduction" type="int">
            <column name="total_eviction_deduction">
                <comment></comment>
            </column>
        </property>
        
        <property name="totalBankruptcyDeduction" type="int">
            <column name="total_bankruptcy_deduction">
                <comment></comment>
            </column>
        </property>
        
        <property name="totalPendingWarrantDeduction" type="int">
            <column name="total_pending_warrant_deduction">
                <comment></comment>
            </column>
        </property>
        
        <property name="totalPositiveCredit" type="int">
            <column name="total_positive_credit">
                <comment></comment>
            </column>
        </property>
        
        <property name="totalNegativeCredit" type="int">
            <column name="total_negative_credit">
                <comment></comment>
            </column>
        </property>
        
        <property name="totalCollections" type="int">
            <column name="total_collections">
                <comment></comment>
            </column>
        </property>
        
        <property name="totalJudgements" type="int">
            <column name="total_judgements">
                <comment></comment>
            </column>
        </property>
        
        <property name="combinedFicoScore" type="int">
            <column name="combined_fico_score">
                <comment></comment>
            </column>
        </property>
        
        <property name="incomeRatioDeduction" type="int">
            <column name="income_ratio_deduction">
                <comment></comment>
            </column>
        </property>
        
        <property name="systemGeneratedComment" type="string">
            <column name="system_generated_comment">
                <comment></comment>
            </column>
        </property>
        
        <property name="totalScoreableApplicants" type="int">
            <column name="total_scoreable_applicants">
                <comment></comment>
            </column>
        </property>
        
        
        <property name="combinedRentIncomeRatio" type="double">
            <column name="combined_rent_income_ratio">
                <comment></comment>
            </column>
        </property>
        
        <property name="verdictScore" type="int">
            <column name="verdict_score">
                <comment></comment>
            </column>
        </property>
        
        <property name="finalScore" type="int">
            <column name="final_score">
                <comment></comment>
            </column>
        </property>
        
        <property name="decisionStatement" type="string">
            <column name="decision_statement">
                <comment></comment>
            </column>
        </property>
        
        <property name="combinedMonthlyIncome" type="double">
            <column name="combined_monthly_income">
                <comment></comment>
            </column>
        </property>
        
        
        <!--
        <set name="applications" inverse="true">
            <key>
                <column name="application_score_record_id">
                    <comment></comment>
                </column>
            </key>
            <one-to-many class="com.aaa.dao.entity.Application" />
        </set>
        -->
        
    </class>
</hibernate-mapping>
