<?xml version="1.0"?>
<!DOCTYPE hibernate-mapping PUBLIC "-//Hibernate/Hibernate Mapping DTD 3.0//EN"
"http://hibernate.sourceforge.net/hibernate-mapping-3.0.dtd">
<!-- Generated Jun 8, 2006 10:58:07 PM by Hibernate Tools 3.1.0.beta5 -->
<hibernate-mapping>
    <class name="com.aaa.dao.entity.Applicant" table="applicant">
        <comment></comment>
        <id name="applicantId" type="int">
            <column name="applicant_id" />
            <generator class="native" />
        </id>
        
        <many-to-one name="application" class="com.aaa.dao.entity.Application" update="false" cascade="none" >
            <column name="application_id">
                <comment></comment>
            </column>
        </many-to-one>
        
        <!--
        <property name="applicationId" type="int">
            <column name="application_id" >
                <comment></comment>
            </column>
        </property>
        -->
        
        <many-to-one name="user" class="com.aaa.dao.entity.User" fetch="select" cascade="all" lazy="false">
            <column name="user_info_id">
                <comment></comment>
            </column>
        </many-to-one>
        
        <many-to-one name="creditInfo" class="com.aaa.dao.entity.CreditInfo" cascade="all" lazy="false">
            <column name="credit_info_id">
                <comment></comment>
            </column>
        </many-to-one>
        
       
        <many-to-one name="criminalInfo" class="com.aaa.dao.entity.CriminalInfo" cascade="all" lazy="false">
            <column name="criminal_info_id">
                <comment></comment>
            </column>
        </many-to-one>
        
        
        <property name="applicantCompleted" type="java.lang.Boolean">
            <column name="applicant_completed">
                <comment></comment>
            </column>
        </property>
        
        <property name="applicantDenied" type="java.lang.Boolean">
            <column name="applicant_denied">
                <comment></comment>
            </column>
        </property>
        
        <set name="employmentRecords" inverse="true" lazy="false" cascade="all" order-by="employer_name asc">
            <key>
                <column name="applicant_id">
                    <comment></comment>
                </column>
            </key>
            <one-to-many class="com.aaa.dao.entity.EmploymentRecord" />
        </set>
        
        <set name="rentalRecords" inverse="true" lazy="false" cascade="all" order-by="landlord_name asc">
            <key>
                <column name="applicant_id">
                    <comment></comment>
                </column>
            </key>
            <one-to-many class="com.aaa.dao.entity.RentalRecord" />
        </set>
        
        <set name="evictionRecords" inverse="true" lazy="false" cascade="all" order-by="eviction_date desc">
            <key>
                <column name="applicant_id">
                    <comment></comment>
                </column>
            </key>
            <one-to-many class="com.aaa.dao.entity.EvictionRecord" />
        </set>
        
         <set name="bankruptcyRecords" inverse="true" lazy="false" cascade="all" order-by="date_filed desc">
            <key>
                <column name="applicant_id">
                    <comment></comment>
                </column>
            </key>
            <one-to-many class="com.aaa.dao.entity.BankruptcyRecord" />
        </set>
        
        <set name="dmvRecords" inverse="true" lazy="false" cascade="all" order-by="charge_date desc">
            <key>
                <column name="applicant_id">
                    <comment></comment>
                </column>
            </key>
            <one-to-many class="com.aaa.dao.entity.DmvRecord" />
        </set>
        
    </class>
</hibernate-mapping>
