<?xml version="1.0"?>
<!DOCTYPE hibernate-mapping PUBLIC "-//Hibernate/Hibernate Mapping DTD 3.0//EN"
"http://hibernate.sourceforge.net/hibernate-mapping-3.0.dtd">
<!-- Generated Jul 15, 2006 11:52:28 PM by Hibernate Tools 3.1.0.beta5 -->
<hibernate-mapping>
    <class name="com.aaa.dao.entity.ApplicationStatus" table="application_status">
        <comment></comment>
        <id name="applicationStatusId" type="int">
            <column name="application_status_id" />
            <generator class="native" />
        </id>
        <property name="applicationStatusDefinition" type="string">
            <column name="application_status_definition" length="128">
                <comment></comment>
            </column>
        </property>
        
    </class>
</hibernate-mapping>
