<?xml version="1.0"?>
<!DOCTYPE hibernate-mapping PUBLIC "-//Hibernate/Hibernate Mapping DTD 3.0//EN"
"http://hibernate.sourceforge.net/hibernate-mapping-3.0.dtd">
<!-- Generated Jun 8, 2006 10:58:07 PM by Hibernate Tools 3.1.0.beta5 -->
<hibernate-mapping>
    <class name="com.aaa.dao.entity.Application" table="application" lazy="false">
        <comment></comment>
        <id name="applicationId" type="int">
            <column name="application_id" />
            <generator class="native" />
        </id>
        <!--
        <many-to-one name="client" class="com.aaa.dao.entity.Client" lazy="false">
            <column name="client_id">
                <comment></comment>
            </column>
        </many-to-one>
        -->
        <property name="clientId" type="int">
            <column name="client_id">
                <comment></comment>
            </column>
        </property>
        
        <property name="creationDateTime" type="timestamp" update="false">
            <column name="creation_date_time" length="10">
                <comment></comment>
            </column>
        </property>
        
        <property name="completedDateTime" type="timestamp">
            <column name="completed_date_time" length="19">
                <comment></comment>
            </column>
        </property>
       
        <property name="applicationName" type="string">
            <column name="application_name" length="128">
                <comment></comment>
            </column>
        </property>
        
       
        
        <property name="applicationFee" type="java.lang.Double">
            <column name="application_fee">
                <comment></comment>
            </column>
        </property>
        
        <property name="clientNotified" type="java.lang.Boolean">
            <column name="client_notified">
                <comment></comment>
            </column>
        </property>
        
        <property name="applicationTypeId" type="int">
            <column name="application_type_id">
                <comment></comment>
            </column>
        </property>
        
        <property name="applicationStatusId" type="int">
            <column name="application_status_id">
                <comment></comment>
            </column>
        </property>
        
         <property name="totalApplicationIncome" type="java.lang.Double">
            <column name="total_application_income">
                <comment></comment>
            </column>
        </property>
        
        <property name="totalRentAmount" type="java.lang.Double">
            <column name="total_rent_amount">
                <comment></comment>
            </column>
        </property>
        
        <property name="clientComments" type="string">
            <column name="client_comments" >
                <comment></comment>
            </column>
        </property>
        
         <property name="unitNumber" type="string">
            <column name="unit_number" length="32">
                <comment></comment>
            </column>
        </property>
        
         <many-to-one name="applicationScoreRecord" class="com.aaa.dao.entity.ApplicationScoreRecord" lazy="false" cascade="all" update="false" >
            <column name="application_score_record_id">
                <comment></comment>
            </column>
        </many-to-one>
        
        
        <set name="applicants" lazy="false" inverse="true" cascade="delete">
            <key>
                <column name="application_id">
                    <comment></comment>
                </column>
            </key>
            <one-to-many class="com.aaa.dao.entity.Applicant" />
        </set>
        
    </class>
</hibernate-mapping>
