<?xml version="1.0"?>
<!DOCTYPE hibernate-mapping PUBLIC "-//Hibernate/Hibernate Mapping DTD 3.0//EN"
"http://hibernate.sourceforge.net/hibernate-mapping-3.0.dtd">
<!-- Generated Jun 8, 2006 10:58:07 PM by Hibernate Tools 3.1.0.beta5 -->
<hibernate-mapping>
    <class name="com.aaa.dao.entity.AssignedClient" table="client" lazy="false">
        <comment></comment>
        <id name="clientId" type="int">
            <column name="client_id" />
            <generator class="assigned" />
        </id>
        <many-to-one name="contactInfo" class="com.aaa.dao.entity.ContactInfo" cascade="all" lazy="false">
            <column name="contact_id">
                <comment></comment>
            </column>
        </many-to-one>
        <many-to-one name="propertyManagementCompany" class="com.aaa.dao.entity.PropertyManagementCompany" cascade="all" lazy="false" fetch="join" >
            <column name="management_company_id">
                <comment></comment>
            </column>
        </many-to-one>
        <property name="propertyName" type="string">
            <column name="property_name" length="128">
                <comment></comment>
            </column>
        </property>
        <property name="contactPersonFirstName" type="string">
            <column name="contact_person_first_name" length="128">
                <comment></comment>
            </column>
        </property>
        <property name="contactPersonLastName" type="string">
            <column name="contact_person_last_name" length="128">
                <comment></comment>
            </column>
        </property>
        <property name="applicationFee" type="java.lang.Double">
            <column name="application_fee">
                <comment></comment>
            </column>
        </property>
        
        <property name="webUrl" type="string">
            <column name="web_url">
                <comment></comment>
            </column>
        </property>

        <set name="applicationDecisionStatements" inverse="true" lazy="false" order-by="high desc" >
            <key>
                <column name="client_id" unique="true">
                    <comment></comment>
                </column>
            </key>
            <one-to-many class="com.aaa.dao.entity.ApplicationDecisionStatement" />
        </set>
            
        <set name="applications" inverse="true" order-by="creationDate desc">
            <key>
                <column name="client_id">
                    <comment></comment>
                </column>
            </key>
            <one-to-many class="com.aaa.dao.entity.Application" />
        </set>
        
        <set name="clientCustomNotes" inverse="true" lazy="false">
            <key>
                <column name="client_id">
                    <comment></comment>
                </column>
            </key>
            <one-to-many class="com.aaa.dao.entity.ClientCustomNote" />
        </set>
        
        <many-to-one name="clientSecurity" class="com.aaa.dao.entity.ClientSecurity" cascade="all" lazy="false">
            <column name="client_security_id">
                <comment></comment>
            </column>
        </many-to-one>
        
       <set name="selectedAutoDenyCriterias" inverse="true" lazy="false"  >
            <key>
                <column name="client_id">
                    <comment></comment>
                </column>
            </key>
            <one-to-many class="com.aaa.dao.entity.SelectedAutoDenyCriteria" />
        </set>
        
    </class>
</hibernate-mapping>
