<?xml version="1.0"?>
<!DOCTYPE hibernate-mapping PUBLIC "-//Hibernate/Hibernate Mapping DTD 3.0//EN"
"http://hibernate.sourceforge.net/hibernate-mapping-3.0.dtd">
<!-- Generated Jul 3, 2006 8:43:08 AM by Hibernate Tools 3.1.0.beta5 -->
<hibernate-mapping>
    <class name="com.aaa.dao.entity.AutoDenyCriteria" table="auto_deny_criteria" lazy="false">
        <comment></comment>
        <id name="autoDenyCriteriaId" type="int">
            <column name="auto_deny_criteria_id" />
            <generator class="native" />
        </id>
        
        <property name="autoDenyCategoryId" type="int">
            <column name="auto_deny_category_id">
                <comment></comment>
            </column>
        </property>
        
        <property name="criteriaStatement" type="string">
            <column name="criteria_statement">
                <comment></comment>
            </column>
        </property>
    </class>
</hibernate-mapping>
