<?xml version="1.0"?>
<!DOCTYPE hibernate-mapping PUBLIC "-//Hibernate/Hibernate Mapping DTD 3.0//EN"
"http://hibernate.sourceforge.net/hibernate-mapping-3.0.dtd">
<!-- Generated Jul 3, 2006 8:43:08 AM by Hibernate Tools 3.1.0.beta5 -->
<hibernate-mapping>
    <class name="com.aaa.dao.entity.AutoDenyCategory" table="auto_deny_category" lazy="false">
        <comment></comment>
        <id name="autoDenyCategoryId" type="int">
            <column name="auto_deny_category_id" />
            <generator class="native" />
        </id>
        <property name="categoryDefintion" type="string">
            <column name="category_defintion" length="64">
                <comment></comment>
            </column>
        </property>
        
    </class>
</hibernate-mapping>
