<?xml version="1.0"?>
<!DOCTYPE hibernate-mapping PUBLIC "-//Hibernate/Hibernate Mapping DTD 3.0//EN"
"http://hibernate.sourceforge.net/hibernate-mapping-3.0.dtd">
<!-- Generated Jul 30, 2006 5:06:40 PM by Hibernate Tools 3.1.0.beta5 -->
<hibernate-mapping>
    <class name="com.aaa.dao.entity.BankruptcyRecord" table="bankruptcy_record" lazy="false" >
        <comment></comment>
        
        <id name="bankruptcyRecordId" type="int">
            <column name="bankruptcy_record_id" />
            <generator class="native" />
        </id>
        
        
        <property name="applicantId" type="java.lang.Integer">
            <column name="applicant_id">
                <comment></comment>
            </column>
        </property>
        
        <property name="occurredWithinSevenYears" type="java.lang.Boolean">
            <column name="occurred_within_seven_years">
                <comment></comment>
            </column>
        </property>
        
        <property name="dateFiled" type="date">
            <column name="date_filed" length="10">
                <comment></comment>
            </column>
        </property>
        
    </class>
</hibernate-mapping>
