<?xml version="1.0"?>
<!DOCTYPE hibernate-mapping PUBLIC "-//Hibernate/Hibernate Mapping DTD 3.0//EN"
"http://hibernate.sourceforge.net/hibernate-mapping-3.0.dtd">
<!-- Generated Jun 24, 2006 11:51:59 PM by Hibernate Tools 3.1.0.beta5 -->
<hibernate-mapping>
    <class name="com.aaa.dao.entity.ClientCustomNote" table="client_custom_note">
        <comment></comment>
        <id name="customNoteId" type="int">
            <column name="custom_note_id" />
            <generator class="native" />
        </id>
        <!--
        <many-to-one name="client" class="com.aaa.dao.entity.Client" fetch="select">
            <column name="client_id">
                <comment></comment>
            </column>
        </many-to-one>
        -->
        
        <property name="clientId" type="int">
            <column name="client_id" >
                <comment></comment>
            </column>
        </property>
        
        <property name="customNote" type="string">
            <column name="custom_note">
                <comment></comment>
            </column>
        </property>
    </class>
</hibernate-mapping>
