<?xml version="1.0"?>
<!DOCTYPE hibernate-mapping PUBLIC "-//Hibernate/Hibernate Mapping DTD 3.0//EN"
"http://hibernate.sourceforge.net/hibernate-mapping-3.0.dtd">
<!-- Generated Jun 25, 2006 5:03:17 PM by Hibernate Tools 3.1.0.beta5 -->
<hibernate-mapping>
    <class name="com.aaa.dao.entity.ClientSecurity" table="client_security">
        <comment></comment>
        <id name="clientSecurityId" type="int">
            <column name="client_security_id" />
            <generator class="native" />
        </id>
        <!--
        <many-to-one name="client" class="com.aaa.dao.entity.Client" fetch="select">
            <column name="client_id">
                <comment></comment>
            </column>
        </many-to-one>
        <many-to-one name="accessLevel" class="com.aaa.dao.entity.AccessLevel" fetch="select">
            <column name="client_security_access_id">
                <comment></comment>
            </column>
        </many-to-one>
        <many-to-one name="status" class="com.aaa.dao.entity.Status" fetch="select">
            <column name="client_security_status_id">
                <comment></comment>
            </column>
        </many-to-one>
        -->
        <property name="clientSecurityUserId" type="string">
            <column name="client_security_user_id" length="64">
                <comment></comment>
            </column>
        </property>
        <property name="clientSecurityPassword" type="string">
            <column name="client_security_password" length="64">
                <comment></comment>
            </column>
        </property>
        <property name="clientSecurityHtLogin" type="string">
            <column name="client_security_ht_login" length="64">
                <comment></comment>
            </column>
        </property>
        <property name="clientSecurityHtPassword" type="string">
            <column name="client_security_ht_password" length="64">
                <comment></comment>
            </column>
        </property>
        
        <property name="clientSecurityStatusId" type="int">
            <column name="client_security_status_id">
                <comment></comment>
            </column>
        </property>
        
       <property name="clientAdminAccess" type="java.lang.Boolean">
            <column name="client_admin_access">
                <comment></comment>
            </column>
        </property>
        
        <property name="clientEmploymentAccess" type="java.lang.Boolean">
            <column name="client_employment_access">
                <comment></comment>
            </column>
        </property>
        
        <property name="clientSecurityAccess" type="java.lang.Boolean">
            <column name="client_security_access">
                <comment></comment>
            </column>
        </property>
        
        
        <set name="clients" inverse="true">
            <key>
                <column name="client_security_id">
                    <comment></comment>
                </column>
            </key>
            <one-to-many class="com.aaa.dao.entity.Client" />
        </set>
        
    </class>
</hibernate-mapping>
