<?xml version="1.0"?>
<!DOCTYPE hibernate-mapping PUBLIC "-//Hibernate/Hibernate Mapping DTD 3.0//EN"
"http://hibernate.sourceforge.net/hibernate-mapping-3.0.dtd">
<!-- Generated Jul 26, 2006 11:27:57 PM by Hibernate Tools 3.1.0.beta5 -->
<hibernate-mapping>
    <class name="com.aaa.dao.entity.Configuration" table="configuration" lazy="false">
        <comment></comment>
        <id name="configurationKey" type="string">
            <column name="configuration_key" />
            <generator class="assigned" />
        </id>
        
         <property name="configurationCategoryId" type="int">
            <column name="configuration_category_id">
                <comment></comment>
            </column>
        </property>
        
         <property name="username" type="string">
            <column name="username">
                <comment></comment>
            </column>
        </property>
        
        <property name="configurationValue" type="string">
            <column name="configuration_value">
                <comment></comment>
            </column>
        </property>
        
        <property name="configurationDescription" type="string">
            <column name="configuration_description">
                <comment></comment>
            </column>
        </property>
    </class>
</hibernate-mapping>
