<?xml version="1.0"?>
<!DOCTYPE hibernate-mapping PUBLIC "-//Hibernate/Hibernate Mapping DTD 3.0//EN"
"http://hibernate.sourceforge.net/hibernate-mapping-3.0.dtd">
<!-- Generated Jul 26, 2006 11:27:57 PM by Hibernate Tools 3.1.0.beta5 -->
<hibernate-mapping>
    <class name="com.aaa.dao.entity.ConfigurationCategory" table="configuration_category" lazy="false">
        <comment></comment>
        <id name="configurationCategoryId" type="int">
            <column name="configuration_category_id" />
            <generator class="native" />
        </id>
        <property name="configurationCategoryDefinition" type="string">
            <column name="configuration_category_definition" length="128">
                <comment></comment>
            </column>
        </property>
       
    </class>
</hibernate-mapping>
