<?xml version="1.0"?>
<!DOCTYPE hibernate-mapping PUBLIC "-//Hibernate/Hibernate Mapping DTD 3.0//EN"
"http://hibernate.sourceforge.net/hibernate-mapping-3.0.dtd">
<!-- Generated Jun 8, 2006 10:58:07 PM by Hibernate Tools 3.1.0.beta5 -->
<hibernate-mapping>
    <class name="com.aaa.dao.entity.ContactInfo" table="contact_info" lazy="false">
        <comment></comment>
        <id name="contactInfoId" type="int">
            <column name="contact_info_id" />
            <generator class="native" />
        </id>
        <many-to-one name="state" class="com.aaa.dao.entity.State" lazy="false">
            <column name="state_code" length="2">
                <comment></comment>
            </column>
        </many-to-one>
        <property name="addressLine1" type="string">
            <column name="address_line1" length="128">
                <comment></comment>
            </column>
        </property>
        <property name="addressLine2" type="string">
            <column name="address_line2" length="128">
                <comment></comment>
            </column>
        </property>
        <property name="addressLine3" type="string">
            <column name="address_line3" length="128">
                <comment></comment>
            </column>
        </property>
        <property name="city" type="string">
            <column name="city" length="128">
                <comment></comment>
            </column>
        </property>
        <property name="zipCode" type="string">
            <column name="zip_code" length="16">
                <comment></comment>
            </column>
        </property>
        <property name="homePhoneNumber" type="string">
            <column name="home_phone_number" length="16">
                <comment></comment>
            </column>
        </property>
        <property name="mobilePhoneNumber" type="string">
            <column name="mobile_phone_number" length="16">
                <comment></comment>
            </column>
        </property>
        <property name="faxPhoneNumber" type="string">
            <column name="fax_phone_number" length="16">
                <comment></comment>
            </column>
        </property>
        <property name="email" type="string">
            <column name="email" length="64">
                <comment></comment>
            </column>
        </property>
       
        <set name="clients" inverse="true">
            <key>
                <column name="contact_id">
                    <comment></comment>
                </column>
            </key>
            <one-to-many class="com.aaa.dao.entity.Client" />
        </set>
        <set name="propertyManagementCompanies" inverse="true">
            <key>
                <column name="management_contact_id">
                    <comment></comment>
                </column>
            </key>
            <one-to-many class="com.aaa.dao.entity.PropertyManagementCompany" />
        </set>
        <set name="users" inverse="true">
            <key>
                <column name="contact_info_id">
                    <comment></comment>
                </column>
            </key>
            <one-to-many class="com.aaa.dao.entity.User" />
        </set>
      
    </class>
</hibernate-mapping>
