<?xml version="1.0"?>
<!DOCTYPE hibernate-mapping PUBLIC "-//Hibernate/Hibernate Mapping DTD 3.0//EN"
"http://hibernate.sourceforge.net/hibernate-mapping-3.0.dtd">
<!-- Generated Sep 16, 2006 5:29:34 PM by Hibernate Tools 3.1.0.beta5 -->
<hibernate-mapping>
    <class name="com.aaa.dao.entity.CreditCardType" table="credit_card_type" lazy="false">
        <comment></comment>
        <id name="creditCardTypeId" type="int">
            <column name="credit_card_type_id" />
            <generator class="native" />
        </id>
        <property name="creditCardTypeDescription" type="string">
            <column name="credit_card_type_description" length="32" not-null="true">
                <comment></comment>
            </column>
        </property>
        
    </class>
</hibernate-mapping>
