<?xml version="1.0"?>
<!DOCTYPE hibernate-mapping PUBLIC "-//Hibernate/Hibernate Mapping DTD 3.0//EN"
"http://hibernate.sourceforge.net/hibernate-mapping-3.0.dtd">
<!-- Generated Jun 26, 2006 12:18:23 AM by Hibernate Tools 3.1.0.beta5 -->
<hibernate-mapping>
    <class name="com.aaa.dao.entity.CreditInfo" table="credit_info">
        <comment></comment>
        <id name="creditInfoId" type="int">
            <column name="credit_info_id" />
            <generator class="native" />
        </id>
        <property name="positiveCredit" type="java.lang.Integer">
            <column name="positive_credit">
                <comment></comment>
            </column>
        </property>
        <property name="negativeCredit" type="java.lang.Integer">
            <column name="negative_credit">
                <comment></comment>
            </column>
        </property>
        <property name="numberOfCollections" type="java.lang.Integer">
            <column name="number_of_collections">
                <comment></comment>
            </column>
        </property>
        <property name="numberOfJudgements" type="java.lang.Integer">
            <column name="number_of_judgements">
                <comment></comment>
            </column>
        </property>
        <property name="ficoScore" type="java.lang.Integer">
            <column name="fico_score">
                <comment></comment>
            </column>
        </property>
        
        
        <property name="creditComments" type="string">
            <column name="credit_comments">
                <comment></comment>
            </column>
        </property>
        <!--
        <set name="applicants" inverse="true">
            <key>
                <column name="credit_info_id">
                    <comment></comment>
                </column>
            </key>
            <one-to-many class="com.aaa.dao.entity.Applicant" />
        </set>
        -->
    </class>
</hibernate-mapping>
