<?xml version="1.0"?>
<!DOCTYPE hibernate-mapping PUBLIC "-//Hibernate/Hibernate Mapping DTD 3.0//EN"
"http://hibernate.sourceforge.net/hibernate-mapping-3.0.dtd">
<!-- Generated Jul 23, 2006 6:19:28 PM by Hibernate Tools 3.1.0.beta5 -->
<hibernate-mapping>
    <class name="com.aaa.dao.entity.CriminalOffenseType" table="criminal_offense_type" lazy="false">
        <comment></comment>
        <id name="criminalOffenseTypeId" type="int">
            <column name="criminal_offense_type_id" />
            <generator class="native" />
        </id>
        
        <property name="criminalOffenseTypeDefinition" type="string">
            <column name="criminal_offense_type_definition">
                <comment></comment>
            </column>
        </property>
       
    </class>
</hibernate-mapping>
