<?xml version="1.0"?>
<!DOCTYPE hibernate-mapping PUBLIC "-//Hibernate/Hibernate Mapping DTD 3.0//EN"
"http://hibernate.sourceforge.net/hibernate-mapping-3.0.dtd">
<!-- Generated Jun 26, 2006 12:18:23 AM by Hibernate Tools 3.1.0.beta5 -->
<hibernate-mapping>
    <class name="com.aaa.dao.entity.CriminalInfo" table="criminal_info" lazy="false" >
        <comment></comment>
        <id name="criminalInfoId" type="int">
            <column name="criminal_info_id" />
            <generator class="native" />
        </id>
        <property name="pendingWarrants" type="java.lang.Integer">
            <column name="pending_warrants">
                <comment></comment>
            </column>
        </property>
        <!--
        <property name="feloniesOverFiveYears" type="java.lang.Integer">
            <column name="felonies_over_five_years">
                <comment></comment>
            </column>
        </property>
        <property name="feloniesUnderFiveYears" type="java.lang.Integer">
            <column name="felonies_under_five_years">
                <comment></comment>
            </column>
        </property>
        <property name="misdemeanorsOverFiveYears" type="java.lang.Integer">
            <column name="`misdemeanors _over_five_years`">
                <comment></comment>
            </column>
        </property>
        <property name="misdemeanorsUnderFiveYears" type="java.lang.Integer">
            <column name="`misdemeanors _under_five_years`">
                <comment></comment>
            </column>
        </property>
        -->
        
        
        <property name="criminalComments" type="string">
            <column name="criminal_comments">
                <comment></comment>
            </column>
        </property>
        
        <set name="criminalRecords" inverse="true" lazy="false" cascade="all" order-by="charge_date desc">
            <key>
                <column name="criminal_info_id">
                    <comment></comment>
                </column>
            </key>
            <one-to-many class="com.aaa.dao.entity.CriminalRecord" />
        </set>
        
        <!--
        <set name="applicants" inverse="true">
            <key>
                <column name="criminal_info_id">
                    <comment></comment>
                </column>
            </key>
            <one-to-many class="com.aaa.dao.entity.Applicant" />
        </set>
        -->
    </class>
</hibernate-mapping>
