<?xml version="1.0"?>
<!DOCTYPE hibernate-mapping PUBLIC "-//Hibernate/Hibernate Mapping DTD 3.0//EN"
"http://hibernate.sourceforge.net/hibernate-mapping-3.0.dtd">
<!-- Generated Jul 23, 2006 6:19:28 PM by Hibernate Tools 3.1.0.beta5 -->
<hibernate-mapping>
    <class name="com.aaa.dao.entity.CriminalRecord" table="criminal_record" lazy="false">
        
        <comment></comment>
        <id name="criminalRecordId" type="int">
            <column name="criminal_record_id" />
            <generator class="native" />
        </id>
        
        <property name="criminalInfoId" type="java.lang.Integer">
            <column name="criminal_info_id">
                <comment></comment>
            </column>
        </property>
        
        <property name="criminalOffenseTypeId" type="java.lang.Integer">
            <column name="criminal_offense_type_id">
                <comment></comment>
            </column>
        </property>
        
        <property name="criminalCharge" type="string">
            <column name="criminal_charge">
                <comment></comment>
            </column>
        </property>
        
        <property name="chargeDate" type="date">
            <column name="charge_date" length="10">
                <comment></comment>
            </column>
        </property>
        
        <property name="chargeStatus" type="string">
            <column name="charge_status" length="20">
                <comment></comment>
            </column>
        </property>
        
        <property name="courtLocation" type="string">
            <column name="court_location" length="255">
                <comment></comment>
            </column>
        </property>
        
        <property name="occurredWithinFiveYears" type="java.lang.Boolean">
            <column name="occurred_within_five_years">
                <comment></comment>
            </column>
        </property>
        
    </class>
</hibernate-mapping>
