<?xml version="1.0"?>
<!DOCTYPE hibernate-mapping PUBLIC "-//Hibernate/Hibernate Mapping DTD 3.0//EN"
"http://hibernate.sourceforge.net/hibernate-mapping-3.0.dtd">
<!-- Generated Oct 29, 2006 11:41:25 PM by Hibernate Tools 3.1.0.beta5 -->
<hibernate-mapping>
    <class name="com.aaa.dao.entity.DmvRecord" table="dmv_record" lazy="false">
        <comment></comment>
        <id name="dmvRecordId" type="int">
            <column name="dmv_record_id" />
            <generator class="native" />
        </id>
        
        <!--
        <many-to-one name="applicant" class="com.aaa.dao.entity.Applicant" fetch="select">
            <column name="applicant_id" not-null="true">
                <comment></comment>
            </column>
        </many-to-one>
        -->
        
        <property name="applicantId" type="java.lang.Integer">
            <column name="applicant_id" >
                <comment></comment>
            </column>
        </property>
        
        <property name="charge" type="string">
            <column name="charge" length="64">
                <comment></comment>
            </column>
        </property>
        <property name="status" type="string">
            <column name="status" length="64">
                <comment></comment>
            </column>
        </property>
        <property name="chargeDate" type="date">
            <column name="charge_date" length="10">
                <comment></comment>
            </column>
        </property>
        <property name="dmvComment" type="string">
            <column name="dmv_comment">
                <comment></comment>
            </column>
        </property>
    </class>
</hibernate-mapping>
