<?xml version="1.0"?>
<!DOCTYPE hibernate-mapping PUBLIC "-//Hibernate/Hibernate Mapping DTD 3.0//EN"
"http://hibernate.sourceforge.net/hibernate-mapping-3.0.dtd">
<!-- Generated Jul 10, 2006 11:30:16 PM by Hibernate Tools 3.1.0.beta5 -->
<hibernate-mapping>
    <class name="com.aaa.dao.entity.EmploymentRecord" table="employment_record" lazy="false">
        <comment></comment>
        <id name="employmentRecordId" type="int">
            <column name="employment_record_id" />
            <generator class="native" />
        </id>
        
        <property name="wage" type="java.lang.Double">
            <column name="wage">
                <comment></comment>
            </column>
        </property>
        
        <!--
        <property name="contactInfoId" type="java.lang.Integer">
            <column name="employer_contact_id">
                <comment></comment>
            </column>
        </property>
        -->
        
        <many-to-one name="contactInfo" class="com.aaa.dao.entity.ContactInfo" fetch="select" cascade="all" lazy="false">
            <column name="employer_contact_id">
                <comment></comment>
            </column>
        </many-to-one>
        
         <property name="applicantId" type="java.lang.Integer">
            <column name="applicant_id">
                <comment></comment>
            </column>
        </property>
        
        <property name="workTimeTypeId" type="java.lang.Integer">
            <column name="work_time_type_id">
                <comment></comment>
            </column>
        </property>
        
        <property name="payPeriodId" type="java.lang.Integer">
            <column name="pay_period_id">
                <comment></comment>
            </column>
        </property>
       
        
        
        
        <property name="employerName" type="string">
            <column name="employer_name" length="128">
                <comment></comment>
            </column>
        </property>
        
        <property name="dateHired" type="date">
            <column name="date_hired" length="10">
                <comment></comment>
            </column>
        </property>
        
        <property name="dateEnded" type="date">
            <column name="date_ended" length="10">
                <comment></comment>
            </column>
        </property>
        
        <property name="jobTitle" type="string">
            <column name="job_title">
                <comment></comment>
            </column>
        </property>
        
        <property name="isStillEmployed" type="java.lang.Boolean">
            <column name="is_still_employed">
                <comment></comment>
            </column>
        </property>
        
        <property name="willEmployerRehire" type="java.lang.Boolean">
            <column name="will_employer_rehire">
                <comment></comment>
            </column>
        </property>
        
        <property name="tasks" type="string">
            <column name="tasks" length="65535">
                <comment></comment>
            </column>
        </property>
        
        <property name="reasonForLeaving" type="string">
            <column name="reason_for_leaving" length="65535">
                <comment></comment>
            </column>
        </property>
        
        <property name="awardsAndRecognition" type="string">
            <column name="awards_and_recognition" length="65535">
                <comment></comment>
            </column>
        </property>
        
        <property name="performanceRating" type="string">
            <column name="performance_rating">
                <comment></comment>
            </column>
        </property>
        
        <property name="employerComments" type="string">
            <column name="employer_comments" length="65535">
                <comment></comment>
            </column>
        </property>
        
    </class>
</hibernate-mapping>
