<?xml version="1.0"?>
<!DOCTYPE hibernate-mapping PUBLIC "-//Hibernate/Hibernate Mapping DTD 3.0//EN"
"http://hibernate.sourceforge.net/hibernate-mapping-3.0.dtd">
<!-- Generated Jul 15, 2006 11:52:28 PM by Hibernate Tools 3.1.0.beta5 -->
<hibernate-mapping>
    <class name="com.aaa.dao.entity.EvictionRecord" table="eviction_record" lazy="false">
        <comment></comment>
        <id name="evictionRecordId" type="java.lang.Integer">
            <column name="eviction_record_id" />
            <generator class="native" />
        </id>
        
        <property name="applicantId" type="java.lang.Integer">
            <column name="applicant_id">
                <comment></comment>
            </column>
        </property>
        
        <property name="evictionDate" type="date">
            <column name="eviction_date" length="10">
                <comment></comment>
            </column>
        </property>
        
        <property name="evictionCourt" type="string">
            <column name="eviction_court" length="128">
                <comment></comment>
            </column>
        </property>
        
        <property name="evictionStatus" type="string">
            <column name="eviction_status" length="20">
                <comment></comment>
            </column>
        </property>
        
         <property name="occurredWithinThreeYears" type="java.lang.Boolean">
            <column name="occurred_within_three_years">
                <comment></comment>
            </column>
        </property>
        
        <property name="plantiffName" type="string">
            <column name="plantiff_name" length="255">
                <comment></comment>
            </column>
        </property>
        
        <property name="addressOfEviction" type="string">
            <column name="address_of_eviction" length="255">
                <comment></comment>
            </column>
        </property>
        
    </class>
</hibernate-mapping>
