<?xml version="1.0"?>
<!DOCTYPE hibernate-mapping PUBLIC "-//Hibernate/Hibernate Mapping DTD 3.0//EN"
"http://hibernate.sourceforge.net/hibernate-mapping-3.0.dtd">
<!-- Generated Nov 13, 2006 10:24:39 PM by Hibernate Tools 3.1.0.beta5 -->
<hibernate-mapping>
    <class name="com.aaa.dao.entity.FileRecord" table="file_record" lazy="false">
        <comment></comment>
        <id name="fileRecordId" type="int">
            <column name="file_record_id" />
            <generator class="native" />
        </id>
        <property name="fileName" type="string">
            <column name="file_name" length="64" not-null="true">
                <comment></comment>
            </column>
        </property>
        <property name="data" type="binary">
            <column name="data" not-null="true">
                <comment></comment>
            </column>
        </property>
        <property name="webFileType" type="string">
            <column name="web_file_type" length="64">
                <comment></comment>
            </column>
        </property>
        <property name="fileRecordTypeId" type="int">
            <column name="file_record_type_id" not-null="true">
                <comment></comment>
            </column>
        </property>
        <property name="description" type="string">
            <column name="description">
                <comment></comment>
            </column>
        </property>
        <property name="dateTimeCreated" type="timestamp" update="false">
            <column name="date_time_created" length="19" not-null="true">
                <comment></comment>
            </column>
        </property>
        <property name="dateTimeUpdated" type="timestamp">
            <column name="date_time_updated" length="19" not-null="true">
                <comment></comment>
            </column>
        </property>
        
        <property name="fileByteSize" type="long">
            <column name="file_byte_size">
                <comment></comment>
            </column>
        </property>
        
    </class>
</hibernate-mapping>
