<?xml version="1.0"?>
<!DOCTYPE hibernate-mapping PUBLIC "-//Hibernate/Hibernate Mapping DTD 3.0//EN"
"http://hibernate.sourceforge.net/hibernate-mapping-3.0.dtd">
<!-- Generated Nov 13, 2006 10:24:39 PM by Hibernate Tools 3.1.0.beta5 -->
<hibernate-mapping>
    <class name="com.aaa.dao.entity.FileRecordType" table="file_record_type" lazy="false">
        <comment></comment>
        <id name="fileRecordTypeId" type="int">
            <column name="file_record_type_id" />
            <generator class="native" />
        </id>
        
        <property name="fileRecordTypeDescription" type="string">
            <column name="file_record_type_description">
                <comment></comment>
            </column>
        </property>
    </class>
</hibernate-mapping>
