<?xml version="1.0"?>
<!DOCTYPE hibernate-mapping PUBLIC "-//Hibernate/Hibernate Mapping DTD 3.0//EN"
"http://hibernate.sourceforge.net/hibernate-mapping-3.0.dtd">
<!-- Generated Jun 8, 2006 10:58:07 PM by Hibernate Tools 3.1.0.beta5 -->
<hibernate-mapping>
    <class name="com.aaa.dao.entity.Gender" table="gender" lazy="false">
        <comment></comment>
        <id name="genderId" type="int">
            <column name="gender_id" />
            <generator class="assigned" />
        </id>
        <property name="gender" type="string">
            <column name="gender" length="16">
                <comment></comment>
            </column>
        </property>
       
    </class>
</hibernate-mapping>
