<?xml version="1.0"?>
<!DOCTYPE hibernate-mapping PUBLIC "-//Hibernate/Hibernate Mapping DTD 3.0//EN"
"http://hibernate.sourceforge.net/hibernate-mapping-3.0.dtd">
<!-- Generated Sep 16, 2006 5:29:34 PM by Hibernate Tools 3.1.0.beta5 -->
<hibernate-mapping>
    <class name="com.aaa.dao.entity.Invoice" table="invoice" lazy="false">
        <comment></comment>
        <composite-id name="id" class="com.aaa.dao.entity.InvoiceId">
            <key-property name="invoiceId" type="string">
                <column name="invoice_id" length="8" />
            </key-property>
            <key-property name="clientId" type="int">
                <column name="client_id" />
            </key-property>
        </composite-id>
        
        <property name="creditCardTypeId" type="java.lang.Integer">
            <column name="credit_card_type_id">
                <comment></comment>
            </column>
        </property>
        
        
        <many-to-one name="client" class="com.aaa.dao.entity.Client" update="false" insert="false" fetch="select">
            <column name="client_id" not-null="true">
                <comment></comment>
            </column>
        </many-to-one>
        
        
        <property name="paymentTypeId" type="java.lang.Integer">
            <column name="payment_type_id">
                <comment></comment>
            </column>
        </property>
        
        <property name="dateTimeCreated" type="timestamp" update="false">
            <column name="date_time_created" length="19" not-null="true">
                <comment></comment>
            </column>
        </property>
        <property name="dateTimeUpdated" type="timestamp">
            <column name="date_time_updated" length="19">
                <comment></comment>
            </column>
        </property>
        <property name="numberOfApplicants" type="java.lang.Integer">
            <column name="number_of_applicants">
                <comment></comment>
            </column>
        </property>
        <property name="numberOfApplications" type="java.lang.Integer">
            <column name="number_of_applications">
                <comment></comment>
            </column>
        </property>
        <property name="invoiceAmount" type="java.lang.Double">
            <column name="invoice_amount" precision="8">
                <comment></comment>
            </column>
        </property>
        <property name="balanceDue" type="java.lang.Double">
            <column name="balance_due" precision="8">
                <comment></comment>
            </column>
        </property>
        <property name="balancePaid" type="java.lang.Double">
            <column name="balance_paid" precision="8">
                <comment></comment>
            </column>
        </property>
        
        <property name="creditCardNumber" type="java.lang.Integer">
            <column name="credit_card_number">
                <comment></comment>
            </column>
        </property>
        <property name="creditCardExpiration" type="date">
            <column name="credit_card_expiration" length="10">
                <comment></comment>
            </column>
        </property>
        <property name="checkNumber" type="string">
            <column name="check_number" length="64">
                <comment></comment>
            </column>
        </property>
        
        <property name="invoiceStartDate" type="java.util.Date" update="false">
            <column name="invoice_start_date">
                <comment></comment>
            </column>
        </property>
        
    </class>
</hibernate-mapping>
