<?xml version="1.0"?>
<!DOCTYPE hibernate-mapping PUBLIC "-//Hibernate/Hibernate Mapping DTD 3.0//EN"
"http://hibernate.sourceforge.net/hibernate-mapping-3.0.dtd">
<!-- Generated Sep 16, 2006 5:29:34 PM by Hibernate Tools 3.1.0.beta5 -->
<hibernate-mapping>
    <class name="com.aaa.dao.entity.Month" table="month" lazy="false">
        <comment></comment>
        <id name="monthId" type="int">
            <column name="month_id" />
            <generator class="assigned" />
        </id>
        <property name="monthName" type="string">
            <column name="month_name" length="32" not-null="true">
                <comment></comment>
            </column>
        </property>
        <property name="monthAbbreviation" type="string">
            <column name="month_abbreviation" length="4" not-null="true">
                <comment></comment>
            </column>
        </property>
    </class>
</hibernate-mapping>
