<?xml version="1.0"?>
<!DOCTYPE hibernate-mapping PUBLIC "-//Hibernate/Hibernate Mapping DTD 3.0//EN"
"http://hibernate.sourceforge.net/hibernate-mapping-3.0.dtd">
<!-- Generated Jul 10, 2006 11:30:16 PM by Hibernate Tools 3.1.0.beta5 -->
<hibernate-mapping>
    <class name="com.aaa.dao.entity.PayPeriod" table="pay_period">
        <comment></comment>
        <id name="payPeriodId" type="int">
            <column name="pay_period_id" />
            <generator class="native" />
        </id>
        <property name="payPeriodDefinition" type="string">
            <column name="pay_period_definition">
                <comment></comment>
            </column>
        </property>
       
    </class>
</hibernate-mapping>
