<?xml version="1.0"?>
<!DOCTYPE hibernate-mapping PUBLIC "-//Hibernate/Hibernate Mapping DTD 3.0//EN"
"http://hibernate.sourceforge.net/hibernate-mapping-3.0.dtd">
<!-- Generated Jun 8, 2006 10:58:07 PM by Hibernate Tools 3.1.0.beta5 -->
<hibernate-mapping>
    <class name="com.aaa.dao.entity.PropertyManagementCompany" table="property_management_company" lazy="false">
        <comment></comment>
        <id name="managementCompanyId" type="int">
            <column name="management_company_id" />
            <generator class="native" />
        </id>
        <many-to-one name="contactInfo" class="com.aaa.dao.entity.ContactInfo" cascade="all" lazy="false">
            <column name="management_contact_id">
                <comment></comment>
            </column>
        </many-to-one>
        <property name="managementCompanyName" type="string">
            <column name="management_company_name" length="128">
                <comment></comment>
            </column>
        </property>
       
        <set name="clients" inverse="true" lazy="false">
            <key>
                <column name="management_company_id">
                    <comment></comment>
                </column>
            </key>
            <one-to-many class="com.aaa.dao.entity.Client" />
        </set>
        
    </class>
</hibernate-mapping>
