<?xml version="1.0"?>
<!DOCTYPE hibernate-mapping PUBLIC "-//Hibernate/Hibernate Mapping DTD 3.0//EN"
"http://hibernate.sourceforge.net/hibernate-mapping-3.0.dtd">
<!-- Generated Jul 15, 2006 11:52:28 PM by Hibernate Tools 3.1.0.beta5 -->
<hibernate-mapping>
    <class name="com.aaa.dao.entity.RentalRecord" table="rental_record" lazy="false" >
        <comment></comment>
        <id name="rentalRecordId" type="int">
            <column name="rental_record_id" />
            <generator class="native" />
        </id>
        
       <property name="applicantId" type="java.lang.Integer">
            <column name="applicant_id">
                <comment></comment>
            </column>
        </property>
        
        <property name="rentalPeriodId" type="java.lang.Integer">
            <column name="rental_period_id">
                <comment></comment>
            </column>
        </property>
        
        <many-to-one name="contactInfo" class="com.aaa.dao.entity.ContactInfo" fetch="select" cascade="all" lazy="false">
            <column name="property_contact_id">
                <comment></comment>
            </column>
        </many-to-one>
        
        <property name="landlordName" type="string">
            <column name="landlord_name">
                <comment></comment>
            </column>
        </property>
        <property name="moveInDate" type="date">
            <column name="move_in_date" length="10">
                <comment></comment>
            </column>
        </property>
        <property name="moveOutDate" type="date">
            <column name="move_out_date">
                <comment></comment>
            </column>
        </property>
        <property name="vacateNoticeGiven" type="java.lang.Boolean">
            <column name="vacate_notice_given">
                <comment></comment>
            </column>
        </property>
        <property name="havePets" type="java.lang.Boolean">
            <column name="have_pets">
                <comment></comment>
            </column>
        </property>
        <property name="verifiedBy" type="string">
            <column name="verified_by">
                <comment></comment>
            </column>
        </property>
        <property name="rentAmount" type="java.lang.Double">
            <column name="rent_amount" precision="15">
                <comment></comment>
            </column>
        </property>
        <property name="numberOfLatePays" type="java.lang.Integer">
            <column name="number_of_late_pays">
                <comment></comment>
            </column>
        </property>
        <property name="numberOfNsfChecks" type="java.lang.Integer">
            <column name="number_of_nsf_checks">
                <comment></comment>
            </column>
        </property>
        <property name="numberOfEvictions" type="java.lang.Integer">
            <column name="number_of_evictions">
                <comment></comment>
            </column>
        </property>
        <property name="numberOfNoticesServed" type="java.lang.Integer">
            <column name="number_of_notices_served">
                <comment></comment>
            </column>
        </property>
        <property name="willRerent" type="java.lang.Boolean">
            <column name="will_rerent">
                <comment></comment>
            </column>
        </property>
        <property name="landlordComments" type="string">
            <column name="landlord_comments" length="65535">
                <comment></comment>
            </column>
        </property>
        
        <property name="leaseExpirationDate" type="date">
            <column name="lease_expiration_date">
                <comment></comment>
            </column>
        </property>
        
        <property name="stillLivingOnProperty" type="java.lang.Boolean">
            <column name="still_living_on_property">
                <comment></comment>
            </column>
        </property>
        
    </class>
</hibernate-mapping>
