<?xml version="1.0"?>
<!DOCTYPE hibernate-mapping PUBLIC "-//Hibernate/Hibernate Mapping DTD 3.0//EN"
"http://hibernate.sourceforge.net/hibernate-mapping-3.0.dtd">
<!-- Generated Jul 3, 2006 8:43:08 AM by Hibernate Tools 3.1.0.beta5 -->
<hibernate-mapping>
    <class name="com.aaa.dao.entity.SelectedAutoDenyCriteria" table="selected_auto_deny_criteria" >
        <comment></comment>
        <id name="selectedAutoDenyCriteriaId" type="int">
            <column name="selected_auto_deny_criteria_id" />
            <generator class="native" />
        </id>
       
        <property name="autoDenyCriteriaId" type="java.lang.Integer">
            <column name="auto_deny_criteria_id">
                <comment></comment>
            </column>
        </property>
        
        <property name="clientId" type="java.lang.Integer">
            <column name="client_id">
                <comment></comment>
            </column>
        </property>
        
        
    </class>
</hibernate-mapping>
