<?xml version="1.0"?>
<!DOCTYPE hibernate-mapping PUBLIC "-//Hibernate/Hibernate Mapping DTD 3.0//EN"
"http://hibernate.sourceforge.net/hibernate-mapping-3.0.dtd">
<!-- Generated Jun 18, 2006 7:41:10 PM by Hibernate Tools 3.1.0.beta5 -->
<hibernate-mapping>
    <class name="com.aaa.dao.entity.Status" table="status" lazy="false">
        <comment></comment>
        <id name="statusId" type="int">
            <column name="status_id" />
            <generator class="native" />
        </id>
        <property name="statusDefinition" type="string">
            <column name="status_definition" length="64" not-null="true">
                <comment></comment>
            </column>
        </property>
    </class>
</hibernate-mapping>
