<?xml version="1.0"?>
<!DOCTYPE hibernate-mapping PUBLIC "-//Hibernate/Hibernate Mapping DTD 3.0//EN"
"http://hibernate.sourceforge.net/hibernate-mapping-3.0.dtd">
<!-- Generated Jun 8, 2006 10:58:07 PM by Hibernate Tools 3.1.0.beta5 -->
<hibernate-mapping>
    <class name="com.aaa.dao.entity.User" table="user" lazy="false">
        <comment></comment>
        <id name="userId" type="int">
            <column name="user_id" />
            <generator class="native" />
        </id>
        <many-to-one name="userType" class="com.aaa.dao.entity.UserType" lazy="false">
            <column name="user_type_id">
                <comment></comment>
            </column>
        </many-to-one>
        <many-to-one name="gender" class="com.aaa.dao.entity.Gender" lazy="false">
            <column name="gender_id">
                <comment></comment>
            </column>
        </many-to-one>
        <many-to-one name="contactInfo" class="com.aaa.dao.entity.ContactInfo" cascade="all" lazy="false">
            <column name="contact_info_id">
                <comment></comment>
            </column>
        </many-to-one>
        <property name="firstName" type="string">
            <column name="first_name" length="128">
                <comment></comment>
            </column>
        </property>
        <property name="middleName" type="string">
            <column name="middle_name" length="128">
                <comment></comment>
            </column>
        </property>
        <property name="lastName" type="string">
            <column name="last_name" length="128">
                <comment></comment>
            </column>
        </property>
        <set name="applicants" inverse="true">
            <key>
                <column name="user_info_id">
                    <comment></comment>
                </column>
            </key>
            <one-to-many class="com.aaa.dao.entity.Applicant" />
        </set>
        <set name="userLogins" inverse="true" cascade="all" lazy="false">
            <key>
                <column name="user_id">
                    <comment></comment>
                </column>
            </key>
            <one-to-many class="com.aaa.dao.entity.UserLogin" />
        </set>
        
        <!--
         <property name="dateOfBirth" type="date">
            <column name="date_of_birth" length="10">
                <comment></comment>
            </column>
        </property>
        -->
        
        <property name="dateOfBirthString" type="string">
            <column name="date_of_birth">
                <comment></comment>
            </column>
        </property>
        
        <property name="socialSecurityNumber" type="string">
            <column name="social_security_number" length="11">
                <comment></comment>
            </column>
        </property>
        
    </class>
</hibernate-mapping>
