<?xml version="1.0"?>
<!DOCTYPE hibernate-mapping PUBLIC "-//Hibernate/Hibernate Mapping DTD 3.0//EN"
"http://hibernate.sourceforge.net/hibernate-mapping-3.0.dtd">
<!-- Generated Jun 8, 2006 10:58:07 PM by Hibernate Tools 3.1.0.beta5 -->
<hibernate-mapping>
    <class name="com.aaa.dao.entity.UserLogin" table="user_login" lazy="false">
        <comment></comment>
        <id name="username" type="string">
            <column name="username" length="64" />
            <generator class="assigned" />
        </id>
        <many-to-one name="user" class="com.aaa.dao.entity.User" lazy="false">
            <column name="user_id">
                <comment></comment>
            </column>
        </many-to-one>
        <property name="password" type="string">
            <column name="password" length="64">
                <comment></comment>
            </column>
        </property>
        <property name="isEnabled">
            <column name="is_enabled">
                <comment></comment>
            </column>
        </property>
    </class>
</hibernate-mapping>
