<?xml version="1.0"?>
<!DOCTYPE hibernate-mapping PUBLIC "-//Hibernate/Hibernate Mapping DTD 3.0//EN"
"http://hibernate.sourceforge.net/hibernate-mapping-3.0.dtd">
<!-- Generated Jul 10, 2006 11:30:16 PM by Hibernate Tools 3.1.0.beta5 -->
<hibernate-mapping>
    <class name="com.aaa.dao.entity.WorkTimeType" table="work_time_type">
        <comment></comment>
        <id name="workTimeTypeId" type="int">
            <column name="work_time_type_id" />
            <generator class="native" />
        </id>
        <property name="workTimeTypeDefinition" type="string">
            <column name="work_time_type_definition" length="128">
                <comment></comment>
            </column>
        </property>
        
    </class>
</hibernate-mapping>
