<?xml version="1.0"?>
<!DOCTYPE hibernate-mapping PUBLIC "-//Hibernate/Hibernate Mapping DTD 3.0//EN"
"http://hibernate.sourceforge.net/hibernate-mapping-3.0.dtd">
<!-- Generated Sep 16, 2006 5:29:34 PM by Hibernate Tools 3.1.0.beta5 -->
<hibernate-mapping>
    <class name="com.aaa.dao.entity.Year" table="year" lazy="false">
        <comment></comment>
        <id name="yearId" type="int">
            <column name="year_id" />
            <generator class="native" />
        </id>
        <property name="year" type="string">
            <column name="year" length="4" not-null="true" unique="true">
                <comment></comment>
            </column>
        </property>
        <property name="yearAbbreviation" type="string">
            <column name="year_abbreviation" length="2" not-null="true">
                <comment></comment>
            </column>
        </property>
    </class>
</hibernate-mapping>
